{"accuracy": [0.9565108418464661, 0.9527546167373657, 0.9651085138320923, 0.96652752161026, 0.965442419052124, 0.9725375771522522, 0.9683639407157898, 0.9680300354957581, 0.9685308933258057, 0.9753756523132324, 0.9732888340950012, 0.9792988300323486, 0.9788814783096313, 0.9811352491378784, 0.9791318774223328, 0.9771285653114319, 0.9791318774223328, 0.9822203516960144, 0.9838063716888428, 0.9782971739768982, 0.988480806350708, 0.9876461029052734, 0.9806343913078308, 0.9860600829124451, 0.9873956441879272, 0.9870617985725403, 0.9866443872451782, 0.9830551147460938, 0.985141932964325, 0.9888147115707397], "loss": [0.13343821465969086, 0.14669859409332275, 0.10843801498413086, 0.10265713930130005, 0.10894002765417099, 0.08748192340135574, 0.10310575366020203, 0.10549047589302063, 0.10599112510681152, 0.07712383568286896, 0.08594049513339996, 0.06419581174850464, 0.06771623343229294, 0.059309471398591995, 0.06732218712568283, 0.07081176340579987, 0.06615845859050751, 0.05965360626578331, 0.05489593744277954, 0.07230719178915024, 0.037120576947927475, 0.04246436432003975, 0.06254682689905167, 0.04617733880877495, 0.03856673836708069, 0.038067109882831573, 0.04592082276940346, 0.05150509625673294, 0.0462091825902462, 0.038600046187639236], "val_accuracy": [0.936227023601532, 0.931218683719635, 0.9305509328842163, 0.9295492768287659, 0.9385643005371094, 0.9292153716087341, 0.9415692687034607, 0.9368948340415955, 0.9248747825622559, 0.9318864941596985, 0.9245408773422241, 0.9475793242454529, 0.9398998618125916, 0.9325542449951172, 0.9335559010505676, 0.9545909762382507, 0.9445742964744568, 0.9135225415229797, 0.9469115138053894, 0.9535893201828003, 0.9575960040092468, 0.9469115138053894, 0.9382303953170776, 0.9439064860343933, 0.9432387351989746, 0.9352253675460815, 0.9469115138053894, 0.9465776085853577, 0.9332220554351807, 0.9445742964744568], "val_loss": [0.23100252449512482, 0.2302570790052414, 0.24879759550094604, 0.2853947579860687, 0.2343299835920334, 0.27719900012016296, 0.2202439308166504, 0.23937201499938965, 0.285772442817688, 0.24499483406543732, 0.28020912408828735, 0.20941412448883057, 0.23227137327194214, 0.27509307861328125, 0.26311221718788147, 0.17531709372997284, 0.23628699779510498, 0.3521229326725006, 0.22033068537712097, 0.17458173632621765, 0.17664842307567596, 0.23356862366199493, 0.24637019634246826, 0.21048003435134888, 0.2305062860250473, 0.28772586584091187, 0.22608116269111633, 0.21089336276054382, 0.3509923815727234, 0.21674999594688416]}